ID,TITLE,DESCRIPTION,USERID
1,{User1} real time,Real time positions of user: User1,1
2,{User2} real time,Real time positions of user: User2,2
3,{User3} real time,Real time positions of user: User3,3
4,{User4} real time,Real time positions of user: User4,4
5,{User5} real time,Real time positions of user: User5,5
6,{User6} real time,Real time positions of user: User6,6
7,{User7} real time,Real time positions of user: User7,7
8,{User8} real time,Real time positions of user: User8,8
9,{User9} real time,Real time positions of user: User9,9
10,{User10} real time,Real time positions of user: User10,10
11,{User11} real time,Real time positions of user: User11,11
12,{User12} real time,Real time positions of user: User12,12
13,{User13} real time,Real time positions of user: User13,13
14,{User14} real time,Real time positions of user: User14,14
15,{User15} real time,Real time positions of user: User15,15
16,{User16} real time,Real time positions of user: User16,16
17,{User17} real time,Real time positions of user: User17,17
18,{User18} real time,Real time positions of user: User18,18
19,{User19} real time,Real time positions of user: User19,19
20,{User20} real time,Real time positions of user: User20,20
21,{User21} real time,Real time positions of user: User21,21
22,{User22} real time,Real time positions of user: User22,22
23,{User23} real time,Real time positions of user: User23,23
24,{User24} real time,Real time positions of user: User24,24
25,{User25} real time,Real time positions of user: User25,25
26,{User26} real time,Real time positions of user: User26,26
27,{User27} real time,Real time positions of user: User27,27
28,{User28} real time,Real time positions of user: User28,28
29,{User29} real time,Real time positions of user: User29,29
30,{User30} real time,Real time positions of user: User30,30
31,{User31} real time,Real time positions of user: User31,31
32,{User32} real time,Real time positions of user: User32,32
33,{User33} real time,Real time positions of user: User33,33
34,{User34} real time,Real time positions of user: User34,34
35,{User35} real time,Real time positions of user: User35,35
36,{User36} real time,Real time positions of user: User36,36
37,{User37} real time,Real time positions of user: User37,37
38,{User38} real time,Real time positions of user: User38,38
39,{User39} real time,Real time positions of user: User39,39
40,{User40} real time,Real time positions of user: User40,40
41,{User41} real time,Real time positions of user: User41,41
42,{User42} real time,Real time positions of user: User42,42
43,{User43} real time,Real time positions of user: User43,43
44,{User44} real time,Real time positions of user: User44,44
45,{User45} real time,Real time positions of user: User45,45
46,{User46} real time,Real time positions of user: User46,46
47,{User47} real time,Real time positions of user: User47,47
48,{User48} real time,Real time positions of user: User48,48
49,{User49} real time,Real time positions of user: User49,49
50,{User50} real time,Real time positions of user: User50,50
51,{User51} real time,Real time positions of user: User51,51
52,{User52} real time,Real time positions of user: User52,52
53,{User53} real time,Real time positions of user: User53,53
54,{User54} real time,Real time positions of user: User54,54
55,{User55} real time,Real time positions of user: User55,55
56,{User56} real time,Real time positions of user: User56,56
57,{User57} real time,Real time positions of user: User57,57
58,{User58} real time,Real time positions of user: User58,58
59,{User59} real time,Real time positions of user: User59,59
60,{User60} real time,Real time positions of user: User60,60
61,{User61} real time,Real time positions of user: User61,61
62,{User62} real time,Real time positions of user: User62,62
63,{User63} real time,Real time positions of user: User63,63
64,{User64} real time,Real time positions of user: User64,64
65,{User65} real time,Real time positions of user: User65,65
66,{User66} real time,Real time positions of user: User66,66
67,{User67} real time,Real time positions of user: User67,67
68,{User68} real time,Real time positions of user: User68,68
69,{User69} real time,Real time positions of user: User69,69
70,{User70} real time,Real time positions of user: User70,70
71,{User71} real time,Real time positions of user: User71,71
72,{User72} real time,Real time positions of user: User72,72
73,{User73} real time,Real time positions of user: User73,73
74,{User74} real time,Real time positions of user: User74,74
75,{User75} real time,Real time positions of user: User75,75
76,{User76} real time,Real time positions of user: User76,76
77,{User77} real time,Real time positions of user: User77,77
78,{User78} real time,Real time positions of user: User78,78
79,{User79} real time,Real time positions of user: User79,79
80,{User80} real time,Real time positions of user: User80,80
81,{User81} real time,Real time positions of user: User81,81
82,{User82} real time,Real time positions of user: User82,82
83,{User83} real time,Real time positions of user: User83,83
84,{User84} real time,Real time positions of user: User84,84
85,{User85} real time,Real time positions of user: User85,85
86,{User86} real time,Real time positions of user: User86,86
87,{User87} real time,Real time positions of user: User87,87
88,{User88} real time,Real time positions of user: User88,88
89,{User89} real time,Real time positions of user: User89,89
90,{User90} real time,Real time positions of user: User90,90
91,{User91} real time,Real time positions of user: User91,91
92,{User92} real time,Real time positions of user: User92,92
93,{User93} real time,Real time positions of user: User93,93
94,{User94} real time,Real time positions of user: User94,94
95,{User95} real time,Real time positions of user: User95,95
96,{User96} real time,Real time positions of user: User96,96
97,{User97} real time,Real time positions of user: User97,97
98,{User98} real time,Real time positions of user: User98,98
99,{User99} real time,Real time positions of user: User99,99
100,{User100} real time,Real time positions of user: User100,100
101,Tag101,Description101,15
102,Tag102,Description102,15
103,Tag103,Description103,43
104,Tag104,Description104,53
105,Tag105,Description105,80
106,Tag106,Description106,35
107,Tag107,Description107,94
108,Tag108,Description108,16
109,Tag109,Description109,49
110,Tag110,Description110,3
111,Tag111,Description111,23
112,Tag112,Description112,20
113,Tag113,Description113,38
114,Tag114,Description114,23
115,Tag115,Description115,27
116,Tag116,Description116,45
117,Tag117,Description117,15
118,Tag118,Description118,45
119,Tag119,Description119,82
120,Tag120,Description120,90
121,Tag121,Description121,70
122,Tag122,Description122,63
123,Tag123,Description123,11
124,Tag124,Description124,78
125,Tag125,Description125,14
126,Tag126,Description126,63
127,Tag127,Description127,86
128,Tag128,Description128,74
129,Tag129,Description129,59
130,Tag130,Description130,81
131,Tag131,Description131,39
132,Tag132,Description132,90
133,Tag133,Description133,67
134,Tag134,Description134,2
135,Tag135,Description135,62
136,Tag136,Description136,84
137,Tag137,Description137,75
138,Tag138,Description138,72
139,Tag139,Description139,83
140,Tag140,Description140,86
141,Tag141,Description141,96
142,Tag142,Description142,24
143,Tag143,Description143,65
144,Tag144,Description144,76
145,Tag145,Description145,12
146,Tag146,Description146,83
147,Tag147,Description147,11
148,Tag148,Description148,62
149,Tag149,Description149,72
150,Tag150,Description150,50
